Level1,Level2,Description,Suitability
Subdivision 01: Agriculture,,,Red
Subdivision 01: Agriculture,011: Horticulture and Fruit Growing,,Amber
Subdivision 01: Agriculture,111,Plant Nurseries,Green
Subdivision 01: Agriculture,112,Cut Flower and Flower Seed Growing,Green
Subdivision 01: Agriculture,113,Vegetable Growing,Red
Subdivision 01: Agriculture,114,Grape Growing,Red
Subdivision 01: Agriculture,115,Apple and Pear Growing,Green
Subdivision 01: Agriculture,116,Stone Fruit Growing,Amber
Subdivision 01: Agriculture,117,Kiwi Fruit Growing,Green
Subdivision 01: Agriculture,119,Fruit Growing n.e.c.,Amber
Subdivision 01: Agriculture,"012: Grain, Sheep and Beef Cattle Farming",,Green
Subdivision 01: Agriculture,121,Grain Growing,Amber
Subdivision 01: Agriculture,122,Grain-Sheep and Grain-Beef Cattle Farming,Green
Subdivision 01: Agriculture,123,Sheep-Beef Cattle Farming,Green
Subdivision 01: Agriculture,124,Sheep Farming,Amber
Subdivision 01: Agriculture,125,Beef Cattle Farming,Green
Subdivision 01: Agriculture,013: Dairy Cattle Farming,,Amber
Subdivision 01: Agriculture,130,Dairy Cattle Farming,Amber
Subdivision 01: Agriculture,014: Poultry Farming,,Red
Subdivision 01: Agriculture,141,Poultry Farming (Meat),Green
Subdivision 01: Agriculture,142,Poultry Farming (Eggs),Red
Subdivision 01: Agriculture,015: Other Livestock Farming,,Amber
Subdivision 01: Agriculture,151,Pig Farming,Amber
Subdivision 01: Agriculture,152,Horse Farming,Green
Subdivision 01: Agriculture,153,Deer Farming,Amber
Subdivision 01: Agriculture,159,Livestock Farming n.e.c.,Amber
Subdivision 01: Agriculture,016: Other Crop Growing,,Red
Subdivision 01: Agriculture,161,Sugar Cane Growing,Red
Subdivision 01: Agriculture,162,Cotton Growing,Red
Subdivision 01: Agriculture,169,Crop and Plant Growing n.e.c.,Amber
Subdivision 02: Services to Agriculture; Hunting and Trapping,169,,Amber
Subdivision 02: Services to Agriculture; Hunting and Trapping,021: Services to Agriculture,,Amber
Subdivision 02: Services to Agriculture; Hunting and Trapping,211,Cotton Ginning,Red
Subdivision 02: Services to Agriculture; Hunting and Trapping,212,Shearing Services,Green
Subdivision 02: Services to Agriculture; Hunting and Trapping,213,Aerial Agricultural Services,Red
Subdivision 02: Services to Agriculture; Hunting and Trapping,219,Services to Agriculture n.e.c.,Green
Subdivision 02: Services to Agriculture; Hunting and Trapping,022: Hunting and Trapping,,Green
Subdivision 02: Services to Agriculture; Hunting and Trapping,220,Hunting and Trapping,Red
Subdivision 03: Forestry and Logging,220,,Red
Subdivision 03: Forestry and Logging,030: Forestry and Logging,,Red
Subdivision 03: Forestry and Logging,301,Forestry,Amber
Subdivision 03: Forestry and Logging,302,Logging,Amber
Subdivision 03: Forestry and Logging,303,Services to Forestry,Amber
Subdivision 04: Commercial Fishing,303,,Green
Subdivision 04: Commercial Fishing,041: Marine Fishing,,Amber
Subdivision 04: Commercial Fishing,411,Rock Lobster Fishing,Green
Subdivision 04: Commercial Fishing,412,Prawn Fishing,Red
Subdivision 04: Commercial Fishing,413,Finfish Trawling,Amber
Subdivision 04: Commercial Fishing,414,Squid Jigging,Green
Subdivision 04: Commercial Fishing,415,Line Fishing,Green
Subdivision 04: Commercial Fishing,419,Marine Fishing n.e.c.,Red
Subdivision 04: Commercial Fishing,042: Aquaculture,,Red
Subdivision 04: Commercial Fishing,420,Aquaculture,Amber
Subdivision 11: Coal Mining ,420,,Amber
Subdivision 11: Coal Mining ,110: Coal Mining,,Green
Subdivision 11: Coal Mining ,1101,Black Coal Mining,Amber
Subdivision 11: Coal Mining ,1102,Brown Coal Mining,Green
Subdivision 12: Oil and Gas Extraction,1102,,Red
Subdivision 12: Oil and Gas Extraction,120: Oil and Gas Extraction,,Red
Subdivision 12: Oil and Gas Extraction,1200,Oil and Gas Extraction,Amber
Subdivision 13: Metal Ore Mining,1200,,Amber
Subdivision 13: Metal Ore Mining,131: Metal Ore Mining,,Green
Subdivision 13: Metal Ore Mining,1311,Iron Ore Mining,Red
Subdivision 13: Metal Ore Mining,1312,Bauxite Mining,Green
Subdivision 13: Metal Ore Mining,1313,Copper Ore Mining,Green
Subdivision 13: Metal Ore Mining,1314,Gold Ore Mining,Red
Subdivision 13: Metal Ore Mining,1315,Mineral Sand Mining,Green
Subdivision 13: Metal Ore Mining,1316,Nickel Ore Mining,Amber
Subdivision 13: Metal Ore Mining,1317,Silver-Lead-Zinc Ore Mining,Red
Subdivision 13: Metal Ore Mining,1319,Metal Ore Mining n.e.c.,Red
Subdivision 14: Other Mining,1319,,Amber
Subdivision 14: Other Mining,141: Construction Material Mining,,Amber
Subdivision 14: Other Mining,1411,Gravel and Sand Quarrying,Red
Subdivision 14: Other Mining,1419,Construction Material Mining n.e.c.,Green
Subdivision 14: Other Mining,142: Mining n.e.c.,,Amber
Subdivision 14: Other Mining,1420,Mining n.e.c.,Green
Subdivision 15: Services to Mining,1420,,Red
Subdivision 15: Services to Mining,151: Exploration,,Red
Subdivision 15: Services to Mining,1511,Petroleum Exploration (Own Account),Red
Subdivision 15: Services to Mining,1512,Petroleum Exploration Services,Red
Subdivision 15: Services to Mining,1513,Mineral Exploration (Own Account),Red
Subdivision 15: Services to Mining,1514,Mineral Exploration Services,Green
Subdivision 15: Services to Mining,152: Other Mining Services,,Amber
Subdivision 15: Services to Mining,1520,Other Mining Services,Amber
"Subdivision 21: Food, Beverage and Tobacco Manufacturing",1520,,Green
"Subdivision 21: Food, Beverage and Tobacco Manufacturing",211: Meat and Meat Product Manufacturing,,Amber
"Subdivision 21: Food, Beverage and Tobacco Manufacturing",2111,Meat Processing,Red
"Subdivision 21: Food, Beverage and Tobacco Manufacturing",2112,Poultry Processing,Green
"Subdivision 21: Food, Beverage and Tobacco Manufacturing",2113,"Bacon, Ham and Smallgood Manufacturing",Red
"Subdivision 21: Food, Beverage and Tobacco Manufacturing",212: Dairy Product Manufacturing,,Red
"Subdivision 21: Food, Beverage and Tobacco Manufacturing",2121,Milk and Cream Processing,Amber
"Subdivision 21: Food, Beverage and Tobacco Manufacturing",2122,Ice Cream Manufacturing,Green
"Subdivision 21: Food, Beverage and Tobacco Manufacturing",2129,Dairy Product Manufacturing n.e.c,Red
"Subdivision 21: Food, Beverage and Tobacco Manufacturing",213: Fruit and Vegetable Processing,,Green
"Subdivision 21: Food, Beverage and Tobacco Manufacturing",2130,Fruit and Vegetable Processing,Amber
"Subdivision 21: Food, Beverage and Tobacco Manufacturing",214: Oil and Fat Manufacturing,,Red
"Subdivision 21: Food, Beverage and Tobacco Manufacturing",2140,Oil and Fat Manufacturing,Green
"Subdivision 21: Food, Beverage and Tobacco Manufacturing",215: Flour Mill and Cereal Food Manufacturing,,Amber
"Subdivision 21: Food, Beverage and Tobacco Manufacturing",2151,Flour Mill Product Manufacturing,Green
"Subdivision 21: Food, Beverage and Tobacco Manufacturing",2152,Cereal Food and Baking Mix Manufacturing,Amber
"Subdivision 21: Food, Beverage and Tobacco Manufacturing",216: Bakery Product Manufacturing,,Amber
"Subdivision 21: Food, Beverage and Tobacco Manufacturing",2161,Bread Manufacturing,Amber
"Subdivision 21: Food, Beverage and Tobacco Manufacturing",2162,Cake and Pastry Manufacturing,Amber
"Subdivision 21: Food, Beverage and Tobacco Manufacturing",2163,Biscuit Manufacturing,Amber
"Subdivision 21: Food, Beverage and Tobacco Manufacturing",217: Other Food Manufacturing,,Red
"Subdivision 21: Food, Beverage and Tobacco Manufacturing",2171,Sugar Manufacturing,Amber
"Subdivision 21: Food, Beverage and Tobacco Manufacturing",2172,Confectionery Manufacturing,Amber
"Subdivision 21: Food, Beverage and Tobacco Manufacturing",2173,Seafood Processing,Green
"Subdivision 21: Food, Beverage and Tobacco Manufacturing",2174,Prepared Animal and Bird Feed Manufacturing,Amber
"Subdivision 21: Food, Beverage and Tobacco Manufacturing",2179,Food Manufacturing n.e.c.,Amber
"Subdivision 21: Food, Beverage and Tobacco Manufacturing",218: Beverage and Malt Manufacturing,,Green
"Subdivision 21: Food, Beverage and Tobacco Manufacturing",2181,"Soft Drink, Cordial and Syrup Manufacturing",Red
"Subdivision 21: Food, Beverage and Tobacco Manufacturing",2182,Beer and Malt Manufacturing,Amber
"Subdivision 21: Food, Beverage and Tobacco Manufacturing",2183,Wine Manufacturing,Amber
"Subdivision 21: Food, Beverage and Tobacco Manufacturing",2184,Spirit Manufacturing,Red
"Subdivision 21: Food, Beverage and Tobacco Manufacturing",219: Tobacco Product Manufacturing,,Amber
"Subdivision 21: Food, Beverage and Tobacco Manufacturing",2190,Tobacco Product Manufacturing,Red
"Subdivision 22: Textile, Clothing, Footwear and Leather Manufacturing",2190,,Amber
"Subdivision 22: Textile, Clothing, Footwear and Leather Manufacturing","221: Textile Fibre, Yarn and Woven Fabric Manufacturing",,Green
"Subdivision 22: Textile, Clothing, Footwear and Leather Manufacturing",2211,Wool Scouring,Amber
"Subdivision 22: Textile, Clothing, Footwear and Leather Manufacturing",2212,Synthetic Fibre Textile Manufacturing,Red
"Subdivision 22: Textile, Clothing, Footwear and Leather Manufacturing",2213,Cotton Textile Manufacturing,Green
"Subdivision 22: Textile, Clothing, Footwear and Leather Manufacturing",2214,Wool Textile Manufacturing,Red
"Subdivision 22: Textile, Clothing, Footwear and Leather Manufacturing",2215,Textile Finishing,Green
"Subdivision 22: Textile, Clothing, Footwear and Leather Manufacturing",222: Textile Product Manufacturing,,Red
"Subdivision 22: Textile, Clothing, Footwear and Leather Manufacturing",2221,Made-Up Textile Product Manufacturing,Green
"Subdivision 22: Textile, Clothing, Footwear and Leather Manufacturing",2222,Textile Floor Covering Manufacturing,Green
"Subdivision 22: Textile, Clothing, Footwear and Leather Manufacturing",2223,"Rope, Cordage and Twine Manufacturing",Red
"Subdivision 22: Textile, Clothing, Footwear and Leather Manufacturing",2229,Textile Product Manufacturing n.e.c.,Green
"Subdivision 22: Textile, Clothing, Footwear and Leather Manufacturing",223: Knitting Mills,,Amber
"Subdivision 22: Textile, Clothing, Footwear and Leather Manufacturing",2231,Hosiery Manufacturing,Amber
"Subdivision 22: Textile, Clothing, Footwear and Leather Manufacturing",2232,Cardigan and Pullover Manufacturing,Amber
"Subdivision 22: Textile, Clothing, Footwear and Leather Manufacturing",2239,Knitting Mill Product Manufacturing n.e.c.,Red
"Subdivision 22: Textile, Clothing, Footwear and Leather Manufacturing",224: Clothing Manufacturing,,Green
"Subdivision 22: Textile, Clothing, Footwear and Leather Manufacturing",2241,Men's and Boys' Wear Manufacturing,Amber
"Subdivision 22: Textile, Clothing, Footwear and Leather Manufacturing",2242,Women's and Girls' Wear Manufacturing,Red
"Subdivision 22: Textile, Clothing, Footwear and Leather Manufacturing",2243,"Sleepwear, Underwear and Infant Clothing Manufacturing",Green
"Subdivision 22: Textile, Clothing, Footwear and Leather Manufacturing",2249,Clothing Manufacturing n.e.c.,Red
"Subdivision 22: Textile, Clothing, Footwear and Leather Manufacturing",225: Footwear Manufacturing,,Red
"Subdivision 22: Textile, Clothing, Footwear and Leather Manufacturing",2250,Footwear Manufacturing,Green
"Subdivision 22: Textile, Clothing, Footwear and Leather Manufacturing",226: Leather and Leather Product Manufacturing,,Amber
"Subdivision 22: Textile, Clothing, Footwear and Leather Manufacturing",2261,Leather Tanning and Fur Dressing,Red
"Subdivision 22: Textile, Clothing, Footwear and Leather Manufacturing",2262,Leather and Leather Substitute Product Manufacturing,Red
Subdivision 23: Wood and Paper Product Manufacturing,2262,,Red
Subdivision 23: Wood and Paper Product Manufacturing,231: Log Sawmilling and Timber Dressing,,Red
Subdivision 23: Wood and Paper Product Manufacturing,2311,Log Sawmilling,Amber
Subdivision 23: Wood and Paper Product Manufacturing,2312,Wood Chipping,Amber
Subdivision 23: Wood and Paper Product Manufacturing,2313,Timber Resawing and Dressing,Green
Subdivision 23: Wood and Paper Product Manufacturing,232: Other Wood Product Manufacturing,,Amber
Subdivision 23: Wood and Paper Product Manufacturing,2321,Plywood and Veneer Manufacturing,Green
Subdivision 23: Wood and Paper Product Manufacturing,2322,Fabricated Wood Manufacturing,Red
Subdivision 23: Wood and Paper Product Manufacturing,2323,Wooden Structural Component Manufacturing,Amber
Subdivision 23: Wood and Paper Product Manufacturing,2329,Wood Product Manufacturing n.e.c,Amber
Subdivision 23: Wood and Paper Product Manufacturing,233: Paper and Paper Product Manufacturing,,Green
Subdivision 23: Wood and Paper Product Manufacturing,2331,"Pulp, Paper and Paperboard Manufacturing",Red
Subdivision 23: Wood and Paper Product Manufacturing,2332,Solid Paperboard Container Manufacturing,Amber
Subdivision 23: Wood and Paper Product Manufacturing,2333,Corrugated Paperboard Container Manufacturing,Amber
Subdivision 23: Wood and Paper Product Manufacturing,2334,Paper Bag and Sack Manufacturing,Amber
Subdivision 23: Wood and Paper Product Manufacturing,2339,Paper Product Manufacturing n.e.c.,Red
"Subdivision 24: Printing, Publishing and Recorded Media",2339,,Amber
"Subdivision 24: Printing, Publishing and Recorded Media",241: Printing and Services to Printing,,Amber
"Subdivision 24: Printing, Publishing and Recorded Media",2411,Paper Stationery Manufacturing,Green
"Subdivision 24: Printing, Publishing and Recorded Media",2412,Printing,Amber
"Subdivision 24: Printing, Publishing and Recorded Media",2413,Services to Printing,Amber
"Subdivision 24: Printing, Publishing and Recorded Media",242: Publishing,,Amber
"Subdivision 24: Printing, Publishing and Recorded Media",2421,Newspaper Printing or Publishing,Red
"Subdivision 24: Printing, Publishing and Recorded Media",2422,Other Periodical Publishing,Red
"Subdivision 24: Printing, Publishing and Recorded Media",2423,Book and Other Publishing,Amber
"Subdivision 24: Printing, Publishing and Recorded Media",243: Recorded Media Manufacturing and Publishing,,Red
"Subdivision 24: Printing, Publishing and Recorded Media",2430,Recorded Media Manufacturing and Publishing,Red
"Subdivision 25: Petroleum, Coal, Chemical and Associated Product Manufacturing",2430,,Red
"Subdivision 25: Petroleum, Coal, Chemical and Associated Product Manufacturing",251: Petroleum Refining,,Amber
"Subdivision 25: Petroleum, Coal, Chemical and Associated Product Manufacturing",2510,Petroleum Refining,Amber
"Subdivision 25: Petroleum, Coal, Chemical and Associated Product Manufacturing",252: Petroleum and Coal Product Manufacturing n.e.c.,,Red
"Subdivision 25: Petroleum, Coal, Chemical and Associated Product Manufacturing",2520,Petroleum and Coal Product Manufacturing n.e.c.,Green
"Subdivision 25: Petroleum, Coal, Chemical and Associated Product Manufacturing",253: Basic Chemical Manufacturing,,Amber
"Subdivision 25: Petroleum, Coal, Chemical and Associated Product Manufacturing",2531,Fertiliser Manufacturing,Amber
"Subdivision 25: Petroleum, Coal, Chemical and Associated Product Manufacturing",2532,Industrial Gas Manufacturing,Red
"Subdivision 25: Petroleum, Coal, Chemical and Associated Product Manufacturing",2533,Synthetic Resin Manufacturing,Amber
"Subdivision 25: Petroleum, Coal, Chemical and Associated Product Manufacturing",2534,Organic Industrial Chemical Manufacturing n.e.c.,Amber
"Subdivision 25: Petroleum, Coal, Chemical and Associated Product Manufacturing",2535,Inorganic Industrial Chemical Manufacturing n.e.c.,Green
"Subdivision 25: Petroleum, Coal, Chemical and Associated Product Manufacturing",254: Other Chemical Product Manufacturing,,Green
"Subdivision 25: Petroleum, Coal, Chemical and Associated Product Manufacturing",2541,Explosive Manufacturing,Green
"Subdivision 25: Petroleum, Coal, Chemical and Associated Product Manufacturing",2542,Paint Manufacturing,Green
"Subdivision 25: Petroleum, Coal, Chemical and Associated Product Manufacturing",2543,Medicinal and Pharmaceutical Product Manufacturing,Amber
"Subdivision 25: Petroleum, Coal, Chemical and Associated Product Manufacturing",2544,Pesticide Manufacturing,Green
"Subdivision 25: Petroleum, Coal, Chemical and Associated Product Manufacturing",2545,Soap and Other Detergent Manufacturing,Amber
"Subdivision 25: Petroleum, Coal, Chemical and Associated Product Manufacturing",2546,Cosmetic and Toiletry Preparation Manufacturing,Green
"Subdivision 25: Petroleum, Coal, Chemical and Associated Product Manufacturing",2547,Ink Manufacturing,Amber
"Subdivision 25: Petroleum, Coal, Chemical and Associated Product Manufacturing",2549,Chemical Product Manufacturing n.e.c.,Amber
"Subdivision 25: Petroleum, Coal, Chemical and Associated Product Manufacturing",255: Rubber Product Manufacturing,,Green
"Subdivision 25: Petroleum, Coal, Chemical and Associated Product Manufacturing",2551,Rubber Tyre Manufacturing,Green
"Subdivision 25: Petroleum, Coal, Chemical and Associated Product Manufacturing",2559,Rubber Product Manufacturing n.e.c.,Green
"Subdivision 25: Petroleum, Coal, Chemical and Associated Product Manufacturing",256: Plastic Product Manufacturing,,Green
"Subdivision 25: Petroleum, Coal, Chemical and Associated Product Manufacturing",2561,Plastic Blow Moulded Product Manufacturing,Red
"Subdivision 25: Petroleum, Coal, Chemical and Associated Product Manufacturing",2562,Plastic Extruded Product Manufacturing,Amber
"Subdivision 25: Petroleum, Coal, Chemical and Associated Product Manufacturing",2563,Plastic Bag and Film Manufacturing,Red
"Subdivision 25: Petroleum, Coal, Chemical and Associated Product Manufacturing",2564,"Plastic Product, Rigid Fibre Reinforced, Manufacturing",Amber
"Subdivision 25: Petroleum, Coal, Chemical and Associated Product Manufacturing",2565,Plastic Foam Product Manufacturing,Green
"Subdivision 25: Petroleum, Coal, Chemical and Associated Product Manufacturing",2566,Plastic Injection Moulded Product Manufacturing,Amber
Subdivision 26: Non-Metallic Mineral Product Manufacturing,2566,,Red
Subdivision 26: Non-Metallic Mineral Product Manufacturing,261: Glass and Glass Product Manufacturing,,Red
Subdivision 26: Non-Metallic Mineral Product Manufacturing,2610,Glass and Glass Product Manufacturing,Amber
Subdivision 26: Non-Metallic Mineral Product Manufacturing,262: Ceramic Product Manufacturing,,Amber
Subdivision 26: Non-Metallic Mineral Product Manufacturing,2621,Clay Brick Manufacturing,Amber
Subdivision 26: Non-Metallic Mineral Product Manufacturing,2622,Ceramic Product Manufacturing,Red
Subdivision 26: Non-Metallic Mineral Product Manufacturing,2623,Ceramic Tile and Pipe Manufacturing,Amber
Subdivision 26: Non-Metallic Mineral Product Manufacturing,2629,Ceramic Product Manufacturing n.e.c.,Green
Subdivision 26: Non-Metallic Mineral Product Manufacturing,"263: Cement, Lime, Plaster and Concrete Product Manufacturing",,Amber
Subdivision 26: Non-Metallic Mineral Product Manufacturing,2631,Cement and Lime Manufacturing,Green
Subdivision 26: Non-Metallic Mineral Product Manufacturing,2632,Plaster Product Manufacturing,Red
Subdivision 26: Non-Metallic Mineral Product Manufacturing,2633,Concrete Slurry Manufacturing,Amber
Subdivision 26: Non-Metallic Mineral Product Manufacturing,2634,Concrete Pipe and Box Culvert Manufacturing,Red
Subdivision 26: Non-Metallic Mineral Product Manufacturing,2635,Concrete Product Manufacturing n.e.c.,Green
Subdivision 26: Non-Metallic Mineral Product Manufacturing,264: Non-Metallic Mineral Product Manufacturing n.e.c.,,Green
Subdivision 26: Non-Metallic Mineral Product Manufacturing,2640,Non-Metallic Mineral Product Manufacturing n.e.c.,Red
Subdivision 27: Metal Product Manufacturing,2640,,Amber
Subdivision 27: Metal Product Manufacturing,271: Iron and Steel Manufacturing,,Red
Subdivision 27: Metal Product Manufacturing,2711,Basic Iron and Steel Manufacturing,Green
Subdivision 27: Metal Product Manufacturing,2712,Iron and Steel Casting and Forging,Green
Subdivision 27: Metal Product Manufacturing,2713,Steel Pipe and Tube Manufacturing,Green
Subdivision 27: Metal Product Manufacturing,272: Basic Non-Ferrous Metal Manufacturing,,Red
Subdivision 27: Metal Product Manufacturing,2721,Alumina Production,Red
Subdivision 27: Metal Product Manufacturing,2722,Aluminium Smelting,Red
Subdivision 27: Metal Product Manufacturing,2723,"Copper, Silver, Lead and Zinc Smelting, Refining",Amber
Subdivision 27: Metal Product Manufacturing,2729,Basic Non-Ferrous Metal Manufacturing n.e.c.,Red
Subdivision 27: Metal Product Manufacturing,273: Non-Ferrous Basic Metal Product Manufacturing,,Red
Subdivision 27: Metal Product Manufacturing,2731,"Aluminium Rolling, Drawing, Extruding",Red
Subdivision 27: Metal Product Manufacturing,2732,"Non-Ferrous Metal Rolling, Drawing, Extruding n.e.c.",Red
Subdivision 27: Metal Product Manufacturing,2733,Non-Ferrous Metal Casting,Amber
Subdivision 27: Metal Product Manufacturing,274: Structural Metal Product Manufacturing,,Green
Subdivision 27: Metal Product Manufacturing,2741,Structural Steel Fabricating,Green
Subdivision 27: Metal Product Manufacturing,2742,Architectural Aluminium Product Manufacturing,Green
Subdivision 27: Metal Product Manufacturing,2749,Structural Metal Product Manufacturing n.e.c.,Amber
Subdivision 27: Metal Product Manufacturing,275: Sheet Metal Product Manufacturing,,Red
Subdivision 27: Metal Product Manufacturing,2751,Metal Container Manufacturing,Green
Subdivision 27: Metal Product Manufacturing,2759,Sheet Metal Product Manufacturing n.e.c.,Amber
Subdivision 27: Metal Product Manufacturing,276: Fabricated Metal Product Manufacturing,,Red
Subdivision 27: Metal Product Manufacturing,2761,Hand Tool and General Hardware Manufacturing,Amber
Subdivision 27: Metal Product Manufacturing,2762,Spring and Wire Product Manufacturing,Red
Subdivision 27: Metal Product Manufacturing,2763,"Nut, Bolt, Screw and Rivet Manufacturing",Red
Subdivision 27: Metal Product Manufacturing,2764,Metal Coating and Finishing,Amber
Subdivision 27: Metal Product Manufacturing,2765,Non-Ferrous Pipe Fitting Manufacturing,Red
Subdivision 27: Metal Product Manufacturing,2769,Fabricated Metal Product Manufacturing n.e.c.,Red
Subdivision 28: Machinery and Equipment Manufacturing,2769,,Red
Subdivision 28: Machinery and Equipment Manufacturing,281: Motor Vehicle and Part Manufacturing,,Amber
Subdivision 28: Machinery and Equipment Manufacturing,2811,Motor Vehicle Manufacturing,Amber
Subdivision 28: Machinery and Equipment Manufacturing,2812,Motor Vehicle Body Manufacturing,Green
Subdivision 28: Machinery and Equipment Manufacturing,2813,Automotive Electrical and Instrument Manufacturing,Green
Subdivision 28: Machinery and Equipment Manufacturing,2819,Automotive Component Manufacturing n.e.c.,Green
Subdivision 28: Machinery and Equipment Manufacturing,282: Other Transport Equipment Manufacturing,,Green
Subdivision 28: Machinery and Equipment Manufacturing,2821,Shipbuilding,Amber
Subdivision 28: Machinery and Equipment Manufacturing,2822,Boatbuilding,Green
Subdivision 28: Machinery and Equipment Manufacturing,2823,Railway Equipment Manufacturing,Red
Subdivision 28: Machinery and Equipment Manufacturing,2824,Aircraft Manufacturing,Red
Subdivision 28: Machinery and Equipment Manufacturing,2829,Transport Equipment Manufacturing n.e.c.,Red
Subdivision 28: Machinery and Equipment Manufacturing,283: Photographic and Scientific Equipment Manufacturing,,Amber
Subdivision 28: Machinery and Equipment Manufacturing,2831,Photographic and Optical Good Manufacturing,Green
Subdivision 28: Machinery and Equipment Manufacturing,2832,Medical and Surgical Equipment Manufacturing,Amber
Subdivision 28: Machinery and Equipment Manufacturing,2839,Professional and Scientific Equipment Manufacturing n.e.c.,Green
Subdivision 28: Machinery and Equipment Manufacturing,284: Electronic Equipment Manufacturing,,Green
Subdivision 28: Machinery and Equipment Manufacturing,2841,Computer and Business Machine Manufacturing,Amber
Subdivision 28: Machinery and Equipment Manufacturing,2842,"Telecommunication, Broadcasting and Transceiving Equipment Manufacturing",Green
Subdivision 28: Machinery and Equipment Manufacturing,2849,Electronic Equipment Manufacturing n.e.c.,Red
Subdivision 28: Machinery and Equipment Manufacturing,285: Electrical Equipment and Appliance Manufacturing,,Green
Subdivision 28: Machinery and Equipment Manufacturing,2851,Household Appliance Manufacturing,Green
Subdivision 28: Machinery and Equipment Manufacturing,2852,Electric Cable and Wire Manufacturing,Amber
Subdivision 28: Machinery and Equipment Manufacturing,2853,Battery Manufacturing,Red
Subdivision 28: Machinery and Equipment Manufacturing,2854,Electric Light and Sign Manufacturing,Green
Subdivision 28: Machinery and Equipment Manufacturing,2859,Electrical and Equipment Manufacturing n.e.c.,Green
Subdivision 28: Machinery and Equipment Manufacturing,286: Industrial Machinery and Equipment Manufacturing,,Green
Subdivision 28: Machinery and Equipment Manufacturing,2861,Agricultural Machinery Manufacturing,Amber
Subdivision 28: Machinery and Equipment Manufacturing,2862,Mining and Construction Machinery Manufacturing,Green
Subdivision 28: Machinery and Equipment Manufacturing,2863,Food Processing Machinery Manufacturing,Amber
Subdivision 28: Machinery and Equipment Manufacturing,2864,Machine Tool and Part Manufacturing,Green
Subdivision 28: Machinery and Equipment Manufacturing,2865,Lifting and Material Handling Equipment Manufacturing,Red
Subdivision 28: Machinery and Equipment Manufacturing,2866,Pump and Compressor Manufacturing,Amber
Subdivision 28: Machinery and Equipment Manufacturing,2867,Commercial Space Heating and Cooling Equipment Manufacturing,Amber
Subdivision 28: Machinery and Equipment Manufacturing,2869,Industrial Machinery and Equipment Manufacturing n.e.c.,Amber
Subdivision 29: Other Manufacturing,2869,,Amber
Subdivision 29: Other Manufacturing,291: Prefabricated Building Manufacturing,,Red
Subdivision 29: Other Manufacturing,2911,Prefabricated Metal Building Manufacturing,Green
Subdivision 29: Other Manufacturing,2919,Prefabricated Building Manufacturing n.e.c.,Red
Subdivision 29: Other Manufacturing,292: Furniture Manufacturing,,Red
Subdivision 29: Other Manufacturing,2921,Wooden Furniture and Upholstered Seat Manufacturing,Red
Subdivision 29: Other Manufacturing,2922,Sheet Metal Furniture Manufacturing,Amber
Subdivision 29: Other Manufacturing,2923,Mattress Manufacturing (Except Rubber),Amber
Subdivision 29: Other Manufacturing,2929,Furniture Manufacturing n.e.c.,Red
Subdivision 29: Other Manufacturing,294: Other Manufacturing,,Amber
Subdivision 29: Other Manufacturing,2941,Jewellery and Silverware Manufacturing,Red
Subdivision 29: Other Manufacturing,2942,Toy and Sporting Good Manufacturing,Red
Subdivision 29: Other Manufacturing,2949,Manufacturing n.e.c.,Red
Subdivision 36: Electricity and Gas Supply,2949,,Red
Subdivision 36: Electricity and Gas Supply,361: Electricity Supply,,Amber
Subdivision 36: Electricity and Gas Supply,3610,Electricity Supply,Red
Subdivision 36: Electricity and Gas Supply,362: Gas Supply,,Red
Subdivision 36: Electricity and Gas Supply,3620,Gas Supply,Green
"Subdivision 37: Water Supply, Sewerage and Drainage Services",3620,,Red
"Subdivision 37: Water Supply, Sewerage and Drainage Services","370: Water Supply, Sewerage and Drainage Services",,Green
"Subdivision 37: Water Supply, Sewerage and Drainage Services",3701,Water Supply,Red
"Subdivision 37: Water Supply, Sewerage and Drainage Services",3702,Sewerage and Drainage Services,Green
Subdivision 41: General Construction,3702,,Green
Subdivision 41: General Construction,411: Building Construction,,Amber
Subdivision 41: General Construction,4111,House Construction,Green
Subdivision 41: General Construction,4112,Residential Building Construction n.e.c.,Amber
Subdivision 41: General Construction,4113,Non-Residential Building Construction,Red
Subdivision 41: General Construction,412: Non-Building Construction,,Red
Subdivision 41: General Construction,4121,Road and Bridge Construction,Red
Subdivision 41: General Construction,4122,Non-Building Construction n.e.c. ,Green
Subdivision 42: Construction Trade Services,4122,,Red
Subdivision 42: Construction Trade Services,421: Site Preparation Services,,Red
Subdivision 42: Construction Trade Services,4210,Site Preparation Services,Red
Subdivision 42: Construction Trade Services,422: Building Structure Services,,Green
Subdivision 42: Construction Trade Services,4221,Concreting Services,Amber
Subdivision 42: Construction Trade Services,4222,Bricklaying Services,Green
Subdivision 42: Construction Trade Services,4223,Roofing Services,Green
Subdivision 42: Construction Trade Services,4224,Structural Steel Erection Services,Amber
Subdivision 42: Construction Trade Services,423: Installation Trade Services,,Amber
Subdivision 42: Construction Trade Services,4231,Plumbing Services,Green
Subdivision 42: Construction Trade Services,4232,Electrical Services,Green
Subdivision 42: Construction Trade Services,4233,Air Conditioning and Heating Services,Amber
Subdivision 42: Construction Trade Services,4234,Fire and Security System Services,Green
Subdivision 42: Construction Trade Services,424: Building Completion Services,,Red
Subdivision 42: Construction Trade Services,4241,Plastering and Ceiling Services,Red
Subdivision 42: Construction Trade Services,4242,Carpentry Services,Red
Subdivision 42: Construction Trade Services,4243,Tiling and Carpeting Services,Red
Subdivision 42: Construction Trade Services,4244,Painting and Decorating Services,Amber
Subdivision 42: Construction Trade Services,4245,Glazing Services,Red
Subdivision 42: Construction Trade Services,425: Other Construction Services,,Green
Subdivision 42: Construction Trade Services,4251,Landscaping Services,Amber
Subdivision 42: Construction Trade Services,4259,Construction Services n.e.c.,Red
Subdivision 45: Basic Material Wholesaling,4259,,Amber
Subdivision 45: Basic Material Wholesaling,451: Farm Produce Wholesaling,,Red
Subdivision 45: Basic Material Wholesaling,4511,Wool Wholesaling,Green
Subdivision 45: Basic Material Wholesaling,4512,Cereal Grain Wholesaling,Green
Subdivision 45: Basic Material Wholesaling,4519,Farm Produce and Supplies Wholesaling n.e.c.,Green
Subdivision 45: Basic Material Wholesaling,"452: Mineral, Metal and Chemical Wholesaling",,Amber
Subdivision 45: Basic Material Wholesaling,4521,Petroleum Product Wholesaling,Amber
Subdivision 45: Basic Material Wholesaling,4522,Metal and Mineral Wholesaling,Amber
Subdivision 45: Basic Material Wholesaling,4523,Chemical Wholesaling,Amber
Subdivision 45: Basic Material Wholesaling,453: Builders Supplies Wholesaling,,Green
Subdivision 45: Basic Material Wholesaling,4531,Timber Wholesaling,Amber
Subdivision 45: Basic Material Wholesaling,4539,Building Supplies Wholesaling n.e.c. ,Red
Subdivision 46: Machinery and Motor Vehicle Wholesaling,4539,,Green
Subdivision 46: Machinery and Motor Vehicle Wholesaling,461: Machinery and Equipment Wholesaling,,Amber
Subdivision 46: Machinery and Motor Vehicle Wholesaling,4611,Farm and Construction Machinery Wholesaling,Green
Subdivision 46: Machinery and Motor Vehicle Wholesaling,4612,Professional Equipment Wholesaling,Red
Subdivision 46: Machinery and Motor Vehicle Wholesaling,4613,Computer Wholesaling,Red
Subdivision 46: Machinery and Motor Vehicle Wholesaling,4614,Business Machine Wholesaling n.e.c.,Red
Subdivision 46: Machinery and Motor Vehicle Wholesaling,4615,Electrical and Electronic Equipment Wholesaling n.e.c.,Green
Subdivision 46: Machinery and Motor Vehicle Wholesaling,4619,Machinery and Equipment Wholesaling n.e.c.,Amber
Subdivision 46: Machinery and Motor Vehicle Wholesaling,462: Motor Vehicle Wholesaling,,Red
Subdivision 46: Machinery and Motor Vehicle Wholesaling,4621,Car Wholesaling,Amber
Subdivision 46: Machinery and Motor Vehicle Wholesaling,4622,Commercial Vehicle Wholesaling,Green
Subdivision 46: Machinery and Motor Vehicle Wholesaling,4623,Motor Vehicle New Part Dealing,Amber
Subdivision 46: Machinery and Motor Vehicle Wholesaling,4624,Motor Vehicle Dismantling and Used Part Dealing ,Amber
Subdivision 47: Personal and Household Good Wholesaling,4624,,Amber
Subdivision 47: Personal and Household Good Wholesaling,"471: Food, Drink and Tobacco Wholesaling",,Amber
Subdivision 47: Personal and Household Good Wholesaling,4711,Meat Wholesaling,Red
Subdivision 47: Personal and Household Good Wholesaling,4712,Poultry and Smallgood Wholesaling,Amber
Subdivision 47: Personal and Household Good Wholesaling,4713,Dairy Produce Wholesaling,Green
Subdivision 47: Personal and Household Good Wholesaling,4714,Fish Wholesaling,Green
Subdivision 47: Personal and Household Good Wholesaling,4715,Fruit and Vegetable Wholesaling,Red
Subdivision 47: Personal and Household Good Wholesaling,4716,Confectionery and Soft Drink Wholesaling,Amber
Subdivision 47: Personal and Household Good Wholesaling,4717,Liquor Wholesaling,Amber
Subdivision 47: Personal and Household Good Wholesaling,4718,Tobacco Product Wholesaling,Amber
Subdivision 47: Personal and Household Good Wholesaling,4719,Grocery Wholesaling n.e.c.,Amber
Subdivision 47: Personal and Household Good Wholesaling,"472: Textile, Clothing and Footwear Wholesaling",,Green
Subdivision 47: Personal and Household Good Wholesaling,4721,Textile Product Wholesaling,Red
Subdivision 47: Personal and Household Good Wholesaling,4722,Clothing Wholesaling,Amber
Subdivision 47: Personal and Household Good Wholesaling,4723,Footwear Wholesaling,Amber
Subdivision 47: Personal and Household Good Wholesaling,473: Household Good Wholesaling,,Red
Subdivision 47: Personal and Household Good Wholesaling,4731,Household Appliance Wholesaling,Green
Subdivision 47: Personal and Household Good Wholesaling,4732,Furniture Wholesaling,Green
Subdivision 47: Personal and Household Good Wholesaling,4733,Floor Covering Wholesaling,Red
Subdivision 47: Personal and Household Good Wholesaling,4739,Household Good Wholesaling n.e.c.,Amber
Subdivision 47: Personal and Household Good Wholesaling,479: Other Wholesaling,,Red
Subdivision 47: Personal and Household Good Wholesaling,4791,Photographic Equipment Wholesaling,Green
Subdivision 47: Personal and Household Good Wholesaling,4792,Jewellery and Watch Wholesaling,Green
Subdivision 47: Personal and Household Good Wholesaling,4793,Toy and Sporting Good Wholesaling,Amber
Subdivision 47: Personal and Household Good Wholesaling,4794,Book and Magazine Wholesaling,Red
Subdivision 47: Personal and Household Good Wholesaling,4795,Paper Product Wholesaling,Amber
Subdivision 47: Personal and Household Good Wholesaling,4796,Pharmaceutical and Toiletry Wholesaling,Amber
Subdivision 47: Personal and Household Good Wholesaling,4799,Wholesaling n.e.c.,Green
Subdivision 51: Food Retailing,4799,,Red
Subdivision 51: Food Retailing,511: Supermarket and Grocery Stores,,Amber
Subdivision 51: Food Retailing,5110,Supermarket and Grocery Stores,Green
Subdivision 51: Food Retailing,512: Specialised Food Retailing,,Amber
Subdivision 51: Food Retailing,5121,"Fresh Meat, Fish and Poultry Retailing",Red
Subdivision 51: Food Retailing,5122,Fruit and Vegetable Retailing,Green
Subdivision 51: Food Retailing,5123,Liquor Retailing,Green
Subdivision 51: Food Retailing,5124,Bread and Cake Retailing,Green
Subdivision 51: Food Retailing,5125,Takeaway Food Retailing,Green
Subdivision 51: Food Retailing,5126,Milk Vending,Amber
Subdivision 51: Food Retailing,5129,Specialised Food Retailing n.e.c.,Green
Subdivision 52: Personal and Household Good Retailing,5129,,Red
Subdivision 52: Personal and Household Good Retailing,521: Department Stores,,Amber
Subdivision 52: Personal and Household Good Retailing,5210,Department Stores,Green
Subdivision 52: Personal and Household Good Retailing,522: Clothing and Soft Good Retailing,,Amber
Subdivision 52: Personal and Household Good Retailing,5221,Clothing Retailing,Red
Subdivision 52: Personal and Household Good Retailing,5222,Footwear Retailing,Red
Subdivision 52: Personal and Household Good Retailing,5223,Fabric and Other Soft Good Retailing,Amber
Subdivision 52: Personal and Household Good Retailing,"523: Furniture, Houseware and Appliance Retailing",,Red
Subdivision 52: Personal and Household Good Retailing,5231,Furniture Retailing,Red
Subdivision 52: Personal and Household Good Retailing,5232,Floor Covering Retailing,Green
Subdivision 52: Personal and Household Good Retailing,5233,Domestic Hardware and Houseware Retailing,Red
Subdivision 52: Personal and Household Good Retailing,5234,Domestic Appliance Retailing,Green
Subdivision 52: Personal and Household Good Retailing,5235,Recorded Music Retailing,Red
Subdivision 52: Personal and Household Good Retailing,524: Recreational Good Retailing,,Amber
Subdivision 52: Personal and Household Good Retailing,5241,Sport and Camping Equipment Retailing,Red
Subdivision 52: Personal and Household Good Retailing,5242,Toy and Game Retailing,Green
Subdivision 52: Personal and Household Good Retailing,5243,"Newspaper, Book and Stationery Retailing",Amber
Subdivision 52: Personal and Household Good Retailing,5244,Photographic Equipment Retailing,Red
Subdivision 52: Personal and Household Good Retailing,5245,Marine Equipment Retailing,Green
Subdivision 52: Personal and Household Good Retailing,525: Other Personal and Household Good Retailing,,Red
Subdivision 52: Personal and Household Good Retailing,5251,"Pharmaceutical, Cosmetic and Toiletry Retailing",Green
Subdivision 52: Personal and Household Good Retailing,5252,Antique and Used Good Retailing,Green
Subdivision 52: Personal and Household Good Retailing,5253,Garden Equipment Retailing,Green
Subdivision 52: Personal and Household Good Retailing,5254,Flower Retailing,Amber
Subdivision 52: Personal and Household Good Retailing,5255,Watch and Jewellery Retailing,Red
Subdivision 52: Personal and Household Good Retailing,5259,Retailing n.e.c.,Amber
Subdivision 52: Personal and Household Good Retailing,526: Household Equipment Repair Services,,Green
Subdivision 52: Personal and Household Good Retailing,5261,Household Equipment Repair Services (Electrical),Green
Subdivision 52: Personal and Household Good Retailing,5269,Household Equipment Repair Services n.e.c. ,Amber
Subdivision 53: Motor Vehicle Retailing and Services,5269,,Green
Subdivision 53: Motor Vehicle Retailing and Services,531: Motor Vehicle Retailing,,Green
Subdivision 53: Motor Vehicle Retailing and Services,5311,Car Retailing,Red
Subdivision 53: Motor Vehicle Retailing and Services,5312,Motor Cycle Dealing,Red
Subdivision 53: Motor Vehicle Retailing and Services,5313,Trailer and Caravan Dealing,Red
Subdivision 53: Motor Vehicle Retailing and Services,532: Motor Vehicle Services,,Amber
Subdivision 53: Motor Vehicle Retailing and Services,5321,Automotive Fuel Retailing,Green
Subdivision 53: Motor Vehicle Retailing and Services,5322,Automotive Electrical Services,Amber
Subdivision 53: Motor Vehicle Retailing and Services,5323,Smash Repairing,Red
Subdivision 53: Motor Vehicle Retailing and Services,5324,Tyre Retailing,Green
Subdivision 53: Motor Vehicle Retailing and Services,5329,Automotive Repair and Services n.e.c,Green
"Subdivision 57: Accommodation, Cafes and Restaurants",5329,,Amber
"Subdivision 57: Accommodation, Cafes and Restaurants",571: Accommodation,,Amber
"Subdivision 57: Accommodation, Cafes and Restaurants",5710,Accommodation,Green
"Subdivision 57: Accommodation, Cafes and Restaurants","572: Pubs, Taverns and Bars",,Red
"Subdivision 57: Accommodation, Cafes and Restaurants",5720,"Pubs, Taverns and Bars",Red
"Subdivision 57: Accommodation, Cafes and Restaurants",573: Cafes and Restaurants,,Amber
"Subdivision 57: Accommodation, Cafes and Restaurants",5730,Cafes and Restaurants,Red
"Subdivision 57: Accommodation, Cafes and Restaurants",574: Clubs (Hospitality),,Red
"Subdivision 57: Accommodation, Cafes and Restaurants",5740,Clubs (Hospitality),Red
Subdivision 61: Road Transport,5740,,Green
Subdivision 61: Road Transport,611: Road Freight Transport,,Green
Subdivision 61: Road Transport,6110,Road Freight Transport,Red
Subdivision 61: Road Transport,612: Road Passenger Transport,,Amber
Subdivision 61: Road Transport,6121,Long Distance Bus Transport,Amber
Subdivision 61: Road Transport,6122,Short Distance Bus Transport (Including Tramway),Amber
Subdivision 61: Road Transport,6123,Taxi and Other Road Passenger Transport,Amber
Subdivision 62: Rail Transport,6123,,Red
Subdivision 62: Rail Transport,620: Rail Transport,,Red
Subdivision 62: Rail Transport,6200,Rail Transport,Amber
Subdivision 63: Water Transport,6200,,Red
Subdivision 63: Water Transport,630: Water Transport,,Amber
Subdivision 63: Water Transport,6301,International Sea Transport,Red
Subdivision 63: Water Transport,6302,Coastal Water Transport,Amber
Subdivision 63: Water Transport,6303,Inland Water Transport,Amber
Subdivision 64: Air and Space Transport,6303,,Red
Subdivision 64: Air and Space Transport,640: Air and Space Transport,,Green
Subdivision 64: Air and Space Transport,6401,Scheduled International Air Transport,Red
Subdivision 64: Air and Space Transport,6402,Scheduled Domestic Air Transport,Amber
Subdivision 64: Air and Space Transport,6403,Non-Scheduled Air and Space Transport,Green
Subdivision 65: Other Transport,6403,,Red
Subdivision 65: Other Transport,650: Other Transport,,Amber
Subdivision 65: Other Transport,6501,Pipeline Transport,Green
Subdivision 65: Other Transport,6509,Transport n.e.c.,Amber
Subdivision 66: Services to Transport,6509,,Green
Subdivision 66: Services to Transport,661: Services to Road Transport,,Green
Subdivision 66: Services to Transport,6611,Parking Services,Amber
Subdivision 66: Services to Transport,6619,Services to Road Transport n.e.c.,Green
Subdivision 66: Services to Transport,662: Services to Water Transport,,Green
Subdivision 66: Services to Transport,6621,Stevedoring,Green
Subdivision 66: Services to Transport,6622,Water Transport Terminals,Red
Subdivision 66: Services to Transport,6623,Port Operators,Red
Subdivision 66: Services to Transport,6629,Services to Water Transport n.e.c.,Red
Subdivision 66: Services to Transport,663: Services to Air Transport,,Green
Subdivision 66: Services to Transport,6630,Services to Air Transport,Amber
Subdivision 66: Services to Transport,664: Other Services to Transport,,Red
Subdivision 66: Services to Transport,6641,Travel Agency Services,Amber
Subdivision 66: Services to Transport,6642,Road Freight Forwarding,Green
Subdivision 66: Services to Transport,6643,Freight Forwarding (Except Road),Green
Subdivision 66: Services to Transport,6644,Customs Agency Services,Amber
Subdivision 66: Services to Transport,6649,Services to Transport n.e.c.,Green
Subdivision 67: Storage,6649,,Red
Subdivision 67: Storage,670: Storage,,Red
Subdivision 67: Storage,6701,Grain Storage,Amber
Subdivision 67: Storage,6709,Storage n.e.c.,Amber
Subdivision 71: Communication Services,6709,,Amber
Subdivision 71: Communication Services,711: Postal and Courier Services,,Green
Subdivision 71: Communication Services,7111,Postal Services,Red
Subdivision 71: Communication Services,7112,Courier Services,Green
Subdivision 71: Communication Services,712: Telecommunication Services,,Amber
Subdivision 71: Communication Services,7120,Telecommunication Services,Red
Subdivision 73: Finance,7120,,Red
Subdivision 73: Finance,731: Central Bank,,Amber
Subdivision 73: Finance,7310,Central Bank,Red
Subdivision 73: Finance,732: Deposit Taking Financiers,,Green
Subdivision 73: Finance,7321,Banks,Amber
Subdivision 73: Finance,7322,Building Societies,Amber
Subdivision 73: Finance,7323,Credit Unions,Green
Subdivision 73: Finance,7324,Money Market Dealers,Green
Subdivision 73: Finance,7329,Deposit Taking Financiers n.e.c.,Green
Subdivision 73: Finance,733: Other Financiers,,Green
Subdivision 73: Finance,7330,Other Financiers,Green
Subdivision 73: Finance,734: Financial Asset Investors,,Green
Subdivision 73: Finance,7340,Financial Asset Investors,Green
Subdivision 74: Insurance,7340,,Red
Subdivision 74: Insurance,741: Life Insurance and Superannuation Funds,,Amber
Subdivision 74: Insurance,7411,Life Insurance,Amber
Subdivision 74: Insurance,7412,Superannuation Funds,Amber
Subdivision 74: Insurance,742: Other Insurance,,Red
Subdivision 74: Insurance,7421,Health Insurance,Red
Subdivision 74: Insurance,7422,General Insurance,Red
Subdivision 75: Services to Finance and Insurance,7422,,Amber
Subdivision 75: Services to Finance and Insurance,751: Services to Finance and Investment,,Red
Subdivision 75: Services to Finance and Insurance,7511,Financial Asset Broking Services,Green
Subdivision 75: Services to Finance and Insurance,7519,Services to Finance and Investment n.e.c.,Amber
Subdivision 75: Services to Finance and Insurance,752: Services to Insurance,,Green
Subdivision 75: Services to Finance and Insurance,7520,Services to Insurance,Amber
Subdivision 77: Property Services,7520,,Amber
Subdivision 77: Property Services,771: Property Operators and Developers,,Green
Subdivision 77: Property Services,7711,Residential Property Operators,Green
Subdivision 77: Property Services,7712,Commercial Property Operators and Developers,Red
Subdivision 77: Property Services,772: Real Estate Agents,,Amber
Subdivision 77: Property Services,7720,Real Estate Agents,Green
Subdivision 77: Property Services,773: Non-Financial Asset Investors,,Red
Subdivision 77: Property Services,7730,Non-Financial Asset Investors,Green
Subdivision 77: Property Services,774: Machinery and Equipment Hiring and Leasing,,Red
Subdivision 77: Property Services,7741,Motor Vehicle Hiring,Amber
Subdivision 77: Property Services,7742,Other Transport Equipment Leasing,Amber
Subdivision 77: Property Services,7743,Plant Hiring or Leasing,Green
Subdivision 78: Business Services,7743,,Red
Subdivision 78: Business Services,781: Scientific Research,,Red
Subdivision 78: Business Services,7810,Scientific Research,Red
Subdivision 78: Business Services,782: Technical Services,,Amber
Subdivision 78: Business Services,7821,Architectural Services,Amber
Subdivision 78: Business Services,7822,Surveying Services,Green
Subdivision 78: Business Services,7823,Consulting Engineering Services,Green
Subdivision 78: Business Services,7829,Technical Services n.e.c.,Red
Subdivision 78: Business Services,783: Computer Services,,Green
Subdivision 78: Business Services,7831,Data Processing Services,Green
Subdivision 78: Business Services,7832,Information Storage and Retrieval Services,Amber
Subdivision 78: Business Services,7833,Computer Maintenance Services,Red
Subdivision 78: Business Services,7834,Computer Consultancy Services,Amber
Subdivision 78: Business Services,784: Legal and Accounting Services,,Amber
Subdivision 78: Business Services,7841,Legal Services,Red
Subdivision 78: Business Services,7842,Accounting Services,Red
Subdivision 78: Business Services,785: Marketing and Business Management Services,,Red
Subdivision 78: Business Services,7851,Advertising Services,Amber
Subdivision 78: Business Services,7852,Commercial Art and Display Services,Red
Subdivision 78: Business Services,7853,Market Research Services,Red
Subdivision 78: Business Services,7854,Business Administrative Services,Amber
Subdivision 78: Business Services,7855,Business Management Services,Amber
Subdivision 78: Business Services,786: Other Business Services,,Amber
Subdivision 78: Business Services,7861,Employment Placement Services,Red
Subdivision 78: Business Services,7862,Contract Staff Services,Amber
Subdivision 78: Business Services,7863,Secretarial Services,Red
Subdivision 78: Business Services,7864,Security and Investigative Services (Except Police),Amber
Subdivision 78: Business Services,7865,Pest Control Services,Green
Subdivision 78: Business Services,7866,Cleaning Services,Red
Subdivision 78: Business Services,7867,Contract Packing Services n.e.c.,Green
Subdivision 78: Business Services,7869,Business Services n.e.c.,Red
Subdivision 81: Government Administration,7869,,Red
Subdivision 81: Government Administration,811: Government Administration,,Red
Subdivision 81: Government Administration,8111,Central Government Administration,Red
Subdivision 81: Government Administration,8112,State Government Administration,Green
Subdivision 81: Government Administration,8113,Local Government Administration,Amber
Subdivision 81: Government Administration,812: Justice,,Green
Subdivision 81: Government Administration,8120,Justice,Amber
Subdivision 81: Government Administration,813: Foreign Government Representation,,Green
Subdivision 81: Government Administration,8130,Foreign Government Representation,Red
Subdivision 82: Defence,8130,,Red
Subdivision 82: Defence,820: Defence,,Amber
Subdivision 82: Defence,8200,Defence,Amber
Subdivision 84: Education,8200,,Red
Subdivision 84: Education,841: Preschool Education,,Green
Subdivision 84: Education,8410,Preschool Education,Amber
Subdivision 84: Education,842: School Education,,Green
Subdivision 84: Education,8421,Primary Education,Red
Subdivision 84: Education,8422,Secondary Education,Green
Subdivision 84: Education,8423,Combined Primary and Secondary Education,Red
Subdivision 84: Education,8424,Special School Education,Green
Subdivision 84: Education,843: Post School Education,,Red
Subdivision 84: Education,8431,Higher Education,Amber
Subdivision 84: Education,8432,Technical and Further Education,Amber
Subdivision 84: Education,844: Other Education,,Amber
Subdivision 84: Education,8440,Other Education,Red
Subdivision 86: Health Services,8440,,Red
Subdivision 86: Health Services,861: Hospitals and Nursing Homes,,Amber
Subdivision 86: Health Services,8611,Hospitals (Except Psychiatric Hospitals),Amber
Subdivision 86: Health Services,8612,Psychiatric Hospitals,Green
Subdivision 86: Health Services,8613,Nursing Homes,Amber
Subdivision 86: Health Services,862: Medical and Dental Services,,Amber
Subdivision 86: Health Services,8621,General Practice Medical Services,Amber
Subdivision 86: Health Services,8622,Specialist Medical Services,Amber
Subdivision 86: Health Services,8623,Dental Services,Amber
Subdivision 86: Health Services,863: Other Health Services,,Red
Subdivision 86: Health Services,8631,Pathology Services,Red
Subdivision 86: Health Services,8632,Optometry and Optical Dispensing,Amber
Subdivision 86: Health Services,8633,Ambulance Services,Red
Subdivision 86: Health Services,8634,Community Health Centres,Amber
Subdivision 86: Health Services,8635,Physiotherapy Services,Green
Subdivision 86: Health Services,8636,Chiropractic Services,Green
Subdivision 86: Health Services,8639,Health Services n.e.c.,Amber
Subdivision 86: Health Services,864: Veterinary Services,,Amber
Subdivision 86: Health Services,8640,Veterinary Services,Green
Subdivision 87: Community Services,8640,,Amber
Subdivision 87: Community Services,871: Child Care Services,,Amber
Subdivision 87: Community Services,8710,Child Care Services,Green
Subdivision 87: Community Services,872: Community Care Services,,Green
Subdivision 87: Community Services,8721,Accommodation for the Aged,Green
Subdivision 87: Community Services,8722,Residential Care Services n.e.c.,Amber
Subdivision 87: Community Services,8729,Non-Residential Care Services n.e.c.,Red
"Subdivision 91: Motion Picture, Radio and Television Services",8729,,Amber
"Subdivision 91: Motion Picture, Radio and Television Services",911: Film and Video Services,,Red
"Subdivision 91: Motion Picture, Radio and Television Services",9111,Film and Video Production,Red
"Subdivision 91: Motion Picture, Radio and Television Services",9112,Film and Video Distribution,Green
"Subdivision 91: Motion Picture, Radio and Television Services",9113,Motion Picture Exhibition,Green
"Subdivision 91: Motion Picture, Radio and Television Services",912: Radio and Television Services,,Amber
"Subdivision 91: Motion Picture, Radio and Television Services",9121,Radio Services,Red
"Subdivision 91: Motion Picture, Radio and Television Services",9122,Television Services,Amber
"Subdivision 92: Libraries, Museums and the Arts",9122,,Red
"Subdivision 92: Libraries, Museums and the Arts",921: Libraries,,Red
"Subdivision 92: Libraries, Museums and the Arts",9210,Libraries,Amber
"Subdivision 92: Libraries, Museums and the Arts",922: Museums,,Amber
"Subdivision 92: Libraries, Museums and the Arts",9220,Museums,Red
"Subdivision 92: Libraries, Museums and the Arts",923: Parks and Gardens,,Amber
"Subdivision 92: Libraries, Museums and the Arts",9231,Zoological and Botanic Gardens,Green
"Subdivision 92: Libraries, Museums and the Arts",9239,Recreational Parks and Gardens,Red
"Subdivision 92: Libraries, Museums and the Arts",924: Arts,,Green
"Subdivision 92: Libraries, Museums and the Arts",9241,Music and Theatre Productions,Green
"Subdivision 92: Libraries, Museums and the Arts",9242,Creative Arts,Green
"Subdivision 92: Libraries, Museums and the Arts",925: Services to the Arts,,Amber
"Subdivision 92: Libraries, Museums and the Arts",9251,Sound Recording Studios,Green
"Subdivision 92: Libraries, Museums and the Arts",9252,Performing Arts Venues,Red
"Subdivision 92: Libraries, Museums and the Arts",9259,Services to the Arts n.e.c.,Green
Subdivision 93: Sport and Recreation,9259,,Green
Subdivision 93: Sport and Recreation,931: Sport,,Amber
Subdivision 93: Sport and Recreation,9311,Horse and Dog Racing,Amber
Subdivision 93: Sport and Recreation,9312,Sports Grounds and Facilities n.e.c.,Red
Subdivision 93: Sport and Recreation,9319,Sports and Services to Sports n.e.c.,Red
Subdivision 93: Sport and Recreation,932: Gambling Services,,Red
Subdivision 93: Sport and Recreation,9321,Lotteries,Green
Subdivision 93: Sport and Recreation,9322,Casinos,Red
Subdivision 93: Sport and Recreation,9329,Gambling Services n.e.c.,Red
Subdivision 93: Sport and Recreation,933: Other Recreation Services,,Amber
Subdivision 93: Sport and Recreation,9330,Other Recreation Services,Red
Subdivision 95: Personal Services,9330,,Red
Subdivision 95: Personal Services,951: Personal and Household Goods Hiring,,Green
Subdivision 95: Personal Services,9511,Video Hire Outlets,Red
Subdivision 95: Personal Services,9519,Personal and Household Goods Hiring n.e.c.,Amber
Subdivision 95: Personal Services,952: Other Personal Services,,Amber
Subdivision 95: Personal Services,9521,Laundries and Dry-Cleaners,Green
Subdivision 95: Personal Services,9522,Photographic Film Processing,Amber
Subdivision 95: Personal Services,9523,Photographic Studios,Red
Subdivision 95: Personal Services,9524,"Funeral Directors, Crematoria and Cemeteries",Green
Subdivision 95: Personal Services,9525,Gardening Services,Amber
Subdivision 95: Personal Services,9526,Hairdressing and Beauty Salons,Red
Subdivision 95: Personal Services,9529,Personal Services n.e.c.,Amber
Subdivision 96: Other Services,9529,,Green
Subdivision 96: Other Services,961: Religious Organisations,,Green
Subdivision 96: Other Services,9610,Religious Organisations,Green
Subdivision 96: Other Services,962: Interest Groups,,Red
Subdivision 96: Other Services,9621,Business and Professional Associations,Amber
Subdivision 96: Other Services,9622,Labour Associations,Green
Subdivision 96: Other Services,9629,Interest Groups n.e.c.,Amber
Subdivision 96: Other Services,963: Public Order and Safety Services,,Green
Subdivision 96: Other Services,9631,Police Services,Red
Subdivision 96: Other Services,9632,Corrective Centres,Amber
Subdivision 96: Other Services,9633,Fire Brigade Services,Green
Subdivision 96: Other Services,9634,Waste Disposal Services,Green
Subdivision 97: Private Households Employing Staff,9634,,Green
Subdivision 97: Private Households Employing Staff,970: Private Households Employing Staff,,Green
Subdivision 97: Private Households Employing Staff,9700,Private Households Employing Staff,Red
